{"cameraMode":{"drawMode":0,"name":"Shaded","section":"Shading Mode"},"sceneLighting":true,"audioPlay":false,"sceneViewState":{"m_AlwaysRefresh":false,"showFog":true,"showSkybox":true,"showFlares":true,"showImageEffects":true,"showParticleSystems":true,"showVisualEffectGraphs":true,"m_FxEnabled":true},"in2DMode":false,"pivot":{"x":13.637673377990723,"y":8.398265838623047,"z":12.287142753601075},"rotation":{"x":-0.2027675360441208,"y":-0.034658413380384448,"z":0.007193602621555328,"w":-0.9786050915718079},"size":370.4913330078125,"orthographic":false}