{"cameraMode":{"drawMode":0,"name":"Shaded","section":"Shading Mode"},"sceneLighting":false,"audioPlay":false,"sceneViewState":{"showFog":true,"showMaterialUpdate":false,"showSkybox":false,"showFlares":true,"showImageEffects":true,"showParticleSystems":true},"in2DMode":false,"pivot":{"x":6.8144378662109379,"y":4.587019920349121,"z":5.833396911621094},"rotation":{"x":-0.21122609078884126,"y":-0.5087448358535767,"z":0.13032110035419465,"w":-0.824391782283783},"size":10.251001358032227,"orthographic":false}